Strategy,Total_Trades,Successful_Trades,Failed_Trades,Win_Rate,Avg_Profit_Win,Avg_Loss_Lose,Final_Capital,Total_Return_Pct,Max_Drawdown_Pct
Ultra Conservative,9,9,0,100.0,80.54333333333334,0.0,1724.878408225303,72.4878408225303,0.0
Conservative,253,129,124,50.988142292490124,6.588759689922481,-0.5206451612903225,1785.3984423968357,78.53984423968356,3.468961588712377
Moderate,252,142,110,56.34920634920635,5.78830985915493,-0.7070000000000002,1744.1633832021455,74.41633832021455,3.1205759618608115
