Strategy,Total_Trades,Successful_Trades,Failed_Trades,Win_Rate,Avg_Profit_Win,Avg_Loss_Lose,Final_Capital,Total_Return_Pct,Max_Drawdown_Pct
Ultra Conservative,9,7,2,77.77777777777779,1.7699999999999998,-0.07,1012.2555505231688,1.2255550523168834,0.0
Conservative,9,6,3,66.66666666666666,3.08,-0.38999999999999996,1017.3124905952137,1.7312490595213719,0.0
Moderate,9,6,3,66.66666666666666,4.113333333333332,-0.8300000000000001,1022.1939780200801,2.2193978020080065,0.0
Aggressive,12,2,10,16.666666666666664,2.285,-3.087,973.7130157091419,-2.6286984290858073,2.994004332789655
Ultra Aggressive,14,3,11,21.428571428571427,3.7600000000000002,-3.5772727272727267,971.9336380678035,-2.8066361932196515,3.847907217096326
