Strategy,Total_Trades,Successful_Trades,Failed_Trades,Win_Rate,Avg_Profit_Win,Avg_Loss_Lose,Final_Capital,Total_Return_Pct,Max_Drawdown_Pct
Ultra Conservative,226,110,116,48.67256637168141,1.8026363636363636,-0.2956034482758621,1164.042198611708,16.404219861170805,1.3247033353734077
Conservative,310,146,164,47.096774193548384,2.2135616438356163,-0.4021341463414635,1257.295524612533,25.729552461253295,1.3813341860555737
Moderate,370,182,188,49.18918918918919,2.4881318681318683,-0.4429255319148936,1369.5715052117348,36.95715052117348,1.6475244127933621
Aggressive,433,220,212,50.80831408775982,2.6462727272727276,-0.533254716981132,1469.0880538371862,46.908805383718615,1.7677924847202442
Ultra Aggressive,433,224,208,51.73210161662818,3.1283928571428574,-0.6643269230769231,1562.5925855787343,56.25925855787342,2.1192784147029204
