Strategy,Total_Trades,Successful_Trades,Failed_Trades,Win_Rate,Avg_Profit_Win,Avg_Loss_Lose,Final_Capital,Total_Return_Pct,Max_Drawdown_Pct
Ultra Conservative,16,7,9,43.75,2.21,-1.0655555555555556,1005.8912991799625,0.5891299179962516,0.5324560197042728
Conservative,34,12,22,35.294117647058826,4.573333333333333,-1.6490909090909094,1018.6067147482096,1.8606714748209585,0.7419313797798295
Moderate,64,32,32,50.0,5.2934375,-2.4031249999999997,1092.5075586584837,9.250755865848372,3.238816337205355
Aggressive,87,39,48,44.827586206896555,5.713589743589744,-3.7325,1043.6873366565678,4.368733665656782,6.068268186029205
Ultra Aggressive,89,36,53,40.44943820224719,6.462222222222222,-4.537169811320754,992.1513418969989,-0.784865810300107,9.805713790943544
