Strategy,Total_Trades,Successful_Trades,Failed_Trades,Win_Rate,Avg_Profit_Win,Avg_Loss_Lose,Final_Capital,Total_Return_Pct,Max_Drawdown_Pct
Ultra Conservative,618,300,318,48.54368932038835,0.9023666666666667,-0.2891509433962264,1178.7346092614519,17.873460926145185,1.4339114529192776
Conservative,702,336,366,47.863247863247864,1.2902678571428572,-0.41874316939890716,1280.263005185086,28.026300518508606,1.4728865855612845
Moderate,841,425,416,50.535077288941736,1.4688705882352942,-0.49197115384615386,1419.599996863753,41.95999968637529,1.6475244127933621
