Strategy,Total_Trades,Successful_Trades,Failed_Trades,Win_Rate,Avg_Profit_Win,Avg_Loss_Lose,Final_Capital,Total_Return_Pct,Max_Drawdown_Pct
Ultra Conservative,145,62,83,42.758620689655174,0.2443548387096774,-0.3108433734939759,989.367158041856,-1.0632841958144013,1.7708104740034134
Conservative,270,119,151,44.074074074074076,0.5168067226890757,-0.4097350993377482,999.6303595716544,-0.03696404283456332,2.164935493094983
Moderate,307,148,159,48.20846905537459,0.5680405405405405,-0.5191823899371069,1001.4800497355731,0.14800497355730613,2.693116284244597
Aggressive,328,163,164,49.69512195121951,0.5950920245398773,-0.6089024390243902,997.1126118913265,-0.28873881086734626,2.8003816622909805
Ultra Aggressive,329,161,167,48.93617021276596,0.7209937888198757,-0.7311976047904192,993.9612480177038,-0.6038751982296162,3.3547285065822017
