Strategy,Total_Trades,Successful_Trades,Failed_Trades,Win_Rate,Avg_Profit_Win,Avg_Loss_Lose,Final_Capital,Total_Return_Pct,Max_Drawdown_Pct
Ultra Conservative,9,9,0,100.0,88.66333333333333,0.0,1797.9631936927115,79.79631936927115,0.0
Conservative,277,137,140,49.458483754512635,6.683868613138686,-0.5047142857142857,1845.0844112736993,84.50844112736992,3.4689615887123217
Moderate,244,139,105,56.9672131147541,5.896043165467626,-0.8151428571428572,1733.9941286998721,73.39941286998722,3.1205759618608977
Aggressive,264,144,120,54.54545454545454,0.9592361111111111,-6.574000000000001,349.23321715938755,-65.07667828406124,2.456217618467231
Ultra Aggressive,264,141,123,53.40909090909091,1.1061702127659572,-7.663414634146341,213.30355215594733,-78.66964478440526,2.944715862582401
