Epoch,Test Loss,Test Log Likelihood,Epistemic,Aleatoric,Train Time,Test Time
0,0.26133599877357483,-1.161401391029358,1.043336272239685,1.1662620306015015,0,742.0864872932434
2000,0.006399377249181271,-0.2927205562591553,0.18156570196151733,0.21577799320220947,773.0730085372925,741.8608083724976
4000,0.0033868406899273396,-0.23166052997112274,0.15559719502925873,0.19168919324874878,777.760745048523,740.6148879528046
