Epoch,Test Loss,Test Log Likelihood,Epistemic,Aleatoric,Train Time,Test Time
0,0.3593312203884125,-1.2388882637023926,1.2168090343475342,1.1840342283248901,0,642.4311208724976
2000,0.00839046761393547,-0.9218618273735046,1.1361967325210571,0.9206249713897705,654.3486502170563,634.4944603443146
