Epoch,Test Loss,Test Log Likelihood,Epistemic,Aleatoric,Train Time,Test Time
0,0.021907810121774673,-0.26410505175590515,0.1495537906885147,0.1852618157863617,0,571.2034795284271
