Epoch,Test Loss,Test Log Likelihood,Epistemic,Aleatoric,Train Time,Test Time
0,0.31358399987220764,-1.2620488405227661,1.8765789270401,1.3313419818878174,0,16.67755126953125
