Epoch,Test Loss,Test Log Likelihood,Epistemic,Aleatoric,EMSE,R²,CV_Std_Fold_Loss,Train Time,Test Time
0,0.06869019567966461,-1.0085490942001343,0.9737672209739685,0.973831295967102,2.0163057017326356,-0.2565124092102051,0.04318009950431745,0,492.2829804420471
1000,0.06869020313024521,-1.0085490942001343,0.9737672805786133,0.9738309383392334,2.01630543589592,-0.25651267313957216,0.043180116721943405,493.6702845096588,479.10443210601807
