Epoch,Test Loss,Test Log Likelihood,Epistemic,Aleatoric,Train Time,Test Time
0,0.3308989703655243,-1.2682048082351685,1.4570552110671997,1.3252986669540405,0,570.5397412776947
2000,0.020862730219960213,-0.3257056772708893,0.18208546936511993,0.21316710114479065,782.5912382602692,600.0335853099823
4000,0.022496560588479042,-0.2642531394958496,0.15074469149112701,0.18399296700954437,821.2754890918732,561.4824321269989
