Epoch,Test Loss,Test Log Likelihood,Epistemic,Aleatoric,Train Time,Test Time
0,0.3828156888484955,-1.2457866668701172,1.1678307056427002,1.2399675846099854,0,479.35941886901855
1000,0.005746645387262106,-0.23876547813415527,0.15703940391540527,0.19357766211032867,489.29226899147034,460.71349239349365
2000,0.00370186404325068,-0.18668228387832642,0.13857509195804596,0.17445455491542816,478.5148069858551,463.05110216140747
3000,0.0029012986924499273,-0.15548604726791382,0.12771397829055786,0.16461887955665588,490.3460419178009,479.67848086357117
4000,0.002618300961330533,-0.13892525434494019,0.12285978347063065,0.15926200151443481,478.5945234298706,461.7631342411041
5000,0.0025856669526547194,-0.13367529213428497,0.12070304900407791,0.15747986733913422,475.094961643219,458.94501090049744
