Epoch,Test Loss,Test Log Likelihood,Epistemic,Aleatoric,Train Time,Test Time
0,0.18984168767929077,-1.1372382640838623,1.1423158645629883,1.0996625423431396,0,780.8560404777527
2000,0.004327862989157438,-0.2768228352069855,0.17797084152698517,0.2106272429227829,815.0944094657898,772.5986316204071
4000,0.003330211853608489,-0.2196492850780487,0.1514149159193039,0.18688786029815674,808.0877120494843,780.8041679859161
