Epoch,Test Loss,Test Log Likelihood,Epistemic,Aleatoric,Train Time,Test Time
0,0.2581564486026764,-1.178818702697754,1.1338317394256592,1.1058844327926636,0,716.6835398674011
2000,0.008486168459057808,-0.29255375266075134,0.17935292422771454,0.21260280907154083,746.9749834537506,718.3495035171509
4000,0.01276358962059021,-0.2579902112483978,0.15895837545394897,0.1929975301027298,748.2631237506866,721.7346389293671
6000,0.007975420914590359,-0.25165432691574097,0.16116829216480255,0.1953243613243103,752.9364511966705,721.1367862224579
