Epoch,Test Loss,Test Log Likelihood,Epistemic,Aleatoric,Train Time,Test Time
0,0.2439650446176529,-1.2126086950302124,1.3650356531143188,1.2723925113677979,0,757.8611719608307
2000,0.003575808834284544,-0.24402616918087006,0.16225013136863708,0.1963500678539276,783.8495371341705,753.9095396995544
