Epoch,Test Loss,Test Log Likelihood,Epistemic,Aleatoric,Train Time,Test Time
0,0.34642294049263,-1.159632921218872,0.9175693988800049,0.8852479457855225,0,698.9192862510681
2000,0.008994806557893753,-0.8930681347846985,1.0350871086120605,0.8523407578468323,731.6124694347382,672.946521282196
4000,0.009345044381916523,-0.8366590142250061,0.8743076920509338,0.7422346472740173,739.3155102729797,706.5993664264679
