Epoch,Test Loss,Test Log Likelihood,Epistemic,Aleatoric,Train Time,Test Time
0,0.23023822903633118,-1.1122848987579346,1.0489288568496704,0.9523133635520935,0,518.7239487171173
1000,0.004492174368351698,-0.19370554387569427,0.14088405668735504,0.17637713253498077,537.4032068252563,516.8301458358765
2000,0.0034923518542200327,-0.17378376424312592,0.13341554999351501,0.1698349267244339,531.939297914505,517.056617975235
3000,0.0037748818285763264,-0.1541990041732788,0.12624362111091614,0.16276559233665466,528.5401420593262,511.51780462265015
4000,0.0038785787764936686,-0.13746608793735504,0.12123148888349533,0.15695345401763916,523.598712682724,511.10919761657715
5000,0.003344607073813677,-0.12169808149337769,0.11626484245061874,0.15315090119838715,524.9667077064514,509.20889830589294
