Epoch,Test Loss,Test Log Likelihood,Epistemic,Aleatoric,EMSE,R²,CV_Std_Fold_Loss,Train Time,Test Time
0,0.06924346089363098,-1.0703692436218262,1.1084473133087158,1.092178463935852,2.2698697452545167,-0.26662252378463747,0.04298909583476715,0,491.58553099632263
1000,0.0692436695098877,-1.070369839668274,1.1084476709365845,1.0921785831451416,2.2698704974651336,-0.26662647688388824,0.04298916113912135,493.9055242538452,489.88058042526245
