Epoch,Test Loss,Test Log Likelihood,Epistemic,Aleatoric,Train Time,Test Time
0,0.17417292296886444,-1.2406986951828003,2.1259913444519043,1.2867681980133057,0,749.29754114151
2000,0.0009432076476514339,-0.6601111888885498,18.46061134338379,5.111034393310547,145.54519724845886,750.8646347522736
4000,0.0008396260091103613,-0.39727383852005005,1291.404541015625,221.72796630859375,144.93213891983032,754.7300612926483
