Epoch,Test Loss,Test Log Likelihood,Epistemic,Aleatoric,MSE,R²,RMSE,MAE,RMAE,Train Time,Test Time
0,1.8936783075332642,-1.1091630458831787,1.4624114036560059,1.2348394393920898,0.05670221385732293,-0.03722936689853668,0.23812226477265358,0.2145276843458414,0.4631713306605816,0,498.29804396629333
1000,0.4358772039413452,-0.20394933223724365,0.14642465114593506,0.18243345618247986,0.0025076329775620253,0.9541289431452751,0.050076270963996646,0.033204851351678374,0.18222198328375816,508.8649618625641,492.5909276008606
2000,0.3665751516819,-0.16829900443553925,0.13335208594799042,0.16974936425685883,0.0022003778722137213,0.9597494006156921,0.0469081848859787,0.027591926977038383,0.166108176112175,505.1175606250763,493.4009175300598
3000,0.33147913217544556,-0.13763605058193207,0.12300107628107071,0.15930205583572388,0.002149258740246296,0.9606845378875732,0.04636009782552719,0.026277843862771988,0.16210442781448364,501.44688057899475,485.9084038734436
4000,0.29706379771232605,-0.1237415298819542,0.11889313161373138,0.15519924461841583,0.0018320288097020238,0.9664874801635742,0.0428022055439651,0.02319623878225684,0.15230311484634876,500.6026735305786,487.05041313171387
