Epoch,Test Loss,Test Log Likelihood,Epistemic,Aleatoric,Train Time,Test Time
0,0.46149516105651855,-1.261381983757019,1.0564987659454346,1.1071584224700928,0,604.1937627792358
2000,0.009565986692905426,-0.8715387582778931,0.9960858821868896,0.8319368958473206,643.8872039318085,612.2949116230011
4000,0.008607964031398296,-0.8283143639564514,0.8910378217697144,0.7512638568878174,645.9281489849091,608.8560976982117
6000,0.008375117555260658,-0.7855949401855469,0.7746809720993042,0.6744329333305359,638.5810310840607,604.1550061702728
