Epoch,Test Loss,Test Log Likelihood,Epistemic,Aleatoric,Train Time,Test Time
0,0.021907810121774673,-0.26407235860824585,0.1495378315448761,0.18524229526519775,0,558.9890594482422
