Epoch,Test Loss,Test Log Likelihood,Epistemic,Aleatoric,Train Time,Test Time
0,0.1045394316315651,-1.1326662302017212,1.3548524379730225,1.1696498394012451,0,552.5972878932953
2000,0.019247671589255333,-0.3062644600868225,0.1736752688884735,0.20677275955677032,769.2529401779175,552.7634193897247
4000,0.022332586348056793,-0.29172757267951965,0.1628137230873108,0.1960069090127945,771.6143054962158,547.8351917266846
