{"Epoch": [0, 9, 20, 40, 60, 80, 100, 120, 140, 160, 180, 200], "Test Loss": [3844760.5, 16992990.0, 6921340.0, 3936008.0, 1869572.625, 919678.0, 618287.75, 514616.34375, 109907.9140625, 184039.15625, 40028.80859375, 9815.3505859375], "Test Log Likelihood": [-192238016.0, -849649344.0, -346066912.0, -196800368.0, -93478608.0, -45983888.0, -30914378.0, -25730812.0, -5495392.5, -9201955.0, -2001438.0, -490765.90625], "Epistemic": [0.0014100358821451664, 0.00041131742182187736, 0.0004934465396218002, 0.0003483761684037745, 0.00019654548668768257, 0.00021809330792166293, 0.00022836998687125742, 0.00012477707059588283, 9.90024782367982e-05, 8.186580089386553e-05, 8.031884499359876e-05, 7.446006929967552e-05], "Aleatoric": [0.10000001639127731, 0.10000001639127731, 0.10000001639127731, 0.10000001639127731, 0.10000001639127731, 0.10000001639127731, 0.10000001639127731, 0.10000001639127731, 0.10000001639127731, 0.10000001639127731, 0.10000001639127731, 0.10000001639127731], "Train Time": [0, 1.08540940284729, 1.506155252456665, 2.006099224090576, 2.0316975116729736, 1.9934337139129639, 2.192328691482544, 2.0746569633483887, 2.0541625022888184, 2.6281583309173584, 2.0310091972351074, 1.9783596992492676], "Test Time": [1.730808973312378, 1.2309200763702393, 2.0950894355773926, 1.27298903465271, 1.2712311744689941, 1.9555556774139404, 1.397881269454956, 1.3127434253692627, 1.6089248657226562, 1.2968404293060303, 1.2902698516845703, 1.272665023803711]}