{"Epoch": [0, 2000, 4000], "Test Loss": [0.17417292296886444, 0.0009432076476514339, 0.0008396260091103613], "Test Log Likelihood": [-1.2406986951828003, -0.6601111888885498, -0.39727383852005005], "Epistemic": [2.1259913444519043, 18.46061134338379, 1291.404541015625], "Aleatoric": [1.2867681980133057, 5.111034393310547, 221.72796630859375], "Train Time": [0, 145.54519724845886, 144.93213891983032], "Test Time": [749.29754114151, 750.8646347522736, 754.7300612926483]}