{"Epoch": [0, 2000], "Test Loss": [0.18984168767929077, 0.004327862989157438], "Test Log Likelihood": [-1.1372382640838623, -0.2768228352069855], "Epistemic": [1.1423158645629883, 0.17797084152698517], "Aleatoric": [1.0996625423431396, 0.2106272429227829], "Train Time": [0, 815.0944094657898], "Test Time": [780.8560404777527, 772.5986316204071]}