{"Epoch": [0, 1000], "Test Loss": [0.06924346089363098, 0.0692436695098877], "Test Log Likelihood": [-1.0703692436218262, -1.070369839668274], "Epistemic": [1.1084473133087158, 1.1084476709365845], "Aleatoric": [1.092178463935852, 1.0921785831451416], "EMSE": [2.2698697452545167, 2.2698704974651336], "R\u00b2": [-0.26662252378463747, -0.26662647688388824], "CV_Std_Fold_Loss": [0.04298909583476715, 0.04298916113912135], "Train Time": [0, 493.9055242538452], "Test Time": [491.58553099632263, 489.88058042526245]}