{"Epoch": [0], "Test Loss": [3353888.5], "Test Log Likelihood": [-167694336.0], "Epistemic": [0.0], "Aleatoric": [0.1000000610947609], "Train Time": [0], "Test Time": [1.3204138278961182]}