{"Epoch": [0], "Test Loss": [0.31358399987220764], "Test Log Likelihood": [-1.2620488405227661], "Epistemic": [1.8765789270401], "Aleatoric": [1.3313419818878174], "Train Time": [0], "Test Time": [16.67755126953125]}