{"Epoch": [0, 2000, 4000, 6000, 8000, 10000, 12000, 14000, 16000, 18000, 20000], "Test Loss": [0.646691620349884, 0.027825986966490746, 0.0002928780158981681, 0.00028061040211468935, 0.00017431048036087304, 0.00021905647008679807, 0.00016826402861624956, 0.0002880677056964487, 0.0002119834825862199, 0.00024070563085842878, 0.00018066164921037853], "Test Log Likelihood": [-1.4281209707260132, 0.8942376375198364, 1.3152226209640503, 1.318947672843933, 1.32371187210083, 1.3236371278762817, 1.3252841234207153, 1.3199177980422974, 1.3229260444641113, 1.3232241868972778, 1.3259984254837036], "Epistemic": [1.9403998851776123, 0.013125292956829071, 0.001074751140549779, 0.0009994659340009093, 0.0010041871573776007, 0.0009567792876623571, 0.0009733205661177635, 0.0009671141742728651, 0.0009809808107092977, 0.0009431819780729711, 0.0009437783737666905], "Aleatoric": [1.4001655578613281, 0.010526620782911777, 0.010526621714234352, 0.010526621714234352, 0.010526622645556927, 0.010526623576879501, 0.010526622645556927, 0.010526623576879501, 0.010526623576879501, 0.010526645928621292, 0.010526645928621292], "Train Time": [0, 32.49510669708252, 31.841050624847412, 31.16933274269104, 32.65833234786987, 31.316911458969116, 31.365803003311157, 31.49942922592163, 31.164944410324097, 31.285579681396484, 32.6051971912384], "Test Time": [15.869597673416138, 15.66917610168457, 15.924670696258545, 16.379573345184326, 16.66644787788391, 16.762147188186646, 16.600807905197144, 16.61610198020935, 16.32351064682007, 16.257802486419678, 16.55821418762207]}