{"Epoch": [0, 2000], "Test Loss": [0.3593312203884125, 0.00839046761393547], "Test Log Likelihood": [-1.2388882637023926, -0.9218618273735046], "Epistemic": [1.2168090343475342, 1.1361967325210571], "Aleatoric": [1.1840342283248901, 0.9206249713897705], "Train Time": [0, 654.3486502170563], "Test Time": [642.4311208724976, 634.4944603443146]}