{"Epoch": [0, 2000, 4000, 6000, 8000, 10000, 12000, 14000, 16000, 18000, 20000], "Test Loss": [0.3968351483345032, 0.034733790904283524, 0.02343270368874073, 0.0237235389649868, 0.022491473704576492, 0.02388412319123745, 0.024702996015548706, 0.02598476968705654, 0.025477223098278046, 0.025894222781062126, 0.02696608006954193], "Test Log Likelihood": [-1.3130329847335815, -0.7446374893188477, -0.18836426734924316, -0.031215684488415718, 0.03079981543123722, 0.07202157378196716, 0.1001395434141159, 0.09239097684621811, 0.16507863998413086, 0.10749450325965881, 0.13594482839107513], "Epistemic": [1.8559929132461548, 0.7224911451339722, 0.30474215745925903, 0.36577844619750977, 0.48790279030799866, 0.9301443099975586, 1.6367151737213135, 2.8199574947357178, 4.721704959869385, 22.833101272583008, 17.458858489990234], "Aleatoric": [1.3735289573669434, 0.6112452149391174, 0.2644638419151306, 0.25264912843704224, 0.27083465456962585, 0.37549254298210144, 0.5797252655029297, 0.9809631109237671, 1.3513401746749878, 5.198240280151367, 4.313933372497559], "Train Time": [0, 41.93912053108215, 42.22193908691406, 42.583404779434204, 42.09747791290283, 42.14067578315735, 42.221192359924316, 42.253050327301025, 41.156925439834595, 42.26256465911865, 41.60202622413635], "Test Time": [20.7913601398468, 21.44834542274475, 22.014135360717773, 20.597296476364136, 21.25339984893799, 21.42172408103943, 20.75058889389038, 21.250603675842285, 21.216793298721313, 20.847818613052368, 21.138095378875732]}