{"Epoch": [0, 2000, 4000, 6000, 8000, 10000, 12000, 14000, 16000, 18000, 20000], "Test Loss": [0.2275369018316269, 0.025735119357705116, 0.04677184671163559, 0.0345056913793087, 0.02197897993028164, 0.020923959091305733, 0.02590443752706051, 0.023346994072198868, 0.02192298322916031, 0.02399444580078125, 0.030282702296972275], "Test Log Likelihood": [-1.2633205652236938, -0.5336329340934753, -0.9578160643577576, -0.8221627473831177, -0.2475661039352417, -0.2372456192970276, -0.2169477492570877, -0.2938893735408783, -0.37017694115638733, -0.3813275098800659, -0.7442766427993774], "Epistemic": [2.0972461700439453, 0.3461967408657074, 1.1332381963729858, 0.871588945388794, 0.19944021105766296, 0.20321716368198395, 0.23083657026290894, 0.43473970890045166, 1.3036378622055054, 4.167966842651367, 0.7329344749450684], "Aleatoric": [1.3193949460983276, 0.35119497776031494, 0.9219727516174316, 0.7326594591140747, 0.21556885540485382, 0.22329877316951752, 0.24545925855636597, 0.41807660460472107, 1.1042479276657104, 3.276360034942627, 0.6253141760826111], "Train Time": [0, 39.407265424728394, 38.29958772659302, 38.39243674278259, 37.64149236679077, 36.59466242790222, 37.14186501502991, 37.57933735847473, 37.25678896903992, 37.21368479728699, 37.155516386032104], "Test Time": [16.112523078918457, 16.921022653579712, 16.065119981765747, 16.434731483459473, 15.687937021255493, 16.452693462371826, 15.909468173980713, 17.042323350906372, 15.614012718200684, 15.533296585083008, 16.62589979171753]}