{"Epoch": [0, 1000, 2000, 3000, 4000, 5000], "Test Loss": [0.3828156888484955, 0.005746645387262106, 0.00370186404325068, 0.0029012986924499273, 0.002618300961330533, 0.0025856669526547194], "Test Log Likelihood": [-1.2457866668701172, -0.23876547813415527, -0.18668228387832642, -0.15548604726791382, -0.13892525434494019, -0.13367529213428497], "Epistemic": [1.1678307056427002, 0.15703940391540527, 0.13857509195804596, 0.12771397829055786, 0.12285978347063065, 0.12070304900407791], "Aleatoric": [1.2399675846099854, 0.19357766211032867, 0.17445455491542816, 0.16461887955665588, 0.15926200151443481, 0.15747986733913422], "Train Time": [0, 489.29226899147034, 478.5148069858551, 490.3460419178009, 478.5945234298706, 475.094961643219], "Test Time": [479.35941886901855, 460.71349239349365, 463.05110216140747, 479.67848086357117, 461.7631342411041, 458.94501090049744]}