{"Epoch": [0, 2000, 4000, 6000, 8000, 10000, 12000, 14000, 16000, 18000, 20000], "Test Loss": [0.23187562823295593, 0.025032823905348778, 0.021951846778392792, 0.02022828906774521, 0.018497798591852188, 0.016981955617666245, 0.016194848343729973, 0.01643875055015087, 0.016394086182117462, 0.01589643768966198, 0.01592736318707466], "Test Log Likelihood": [-1.231642723083496, -0.5084997415542603, -0.45012250542640686, -0.4366980493068695, -0.38619759678840637, -0.4104635715484619, -0.37709492444992065, -0.36422717571258545, -0.41740936040878296, -0.4577327370643616, -0.40209999680519104], "Epistemic": [1.804818868637085, 0.362533837556839, 0.2908289432525635, 0.2941569685935974, 0.27184098958969116, 0.3279370367527008, 0.33851152658462524, 0.3753865659236908, 0.507280707359314, 0.6384304761886597, 0.6592147946357727], "Aleatoric": [1.2838070392608643, 0.3514651656150818, 0.30163535475730896, 0.30373048782348633, 0.2899487316608429, 0.3350035548210144, 0.3533405065536499, 0.3848297595977783, 0.49335813522338867, 0.6214553117752075, 0.6512490510940552], "Train Time": [0, 32.537184953689575, 31.162116527557373, 32.065914154052734, 32.2431526184082, 31.786994457244873, 32.28327798843384, 31.962063789367676, 31.662596225738525, 31.50363826751709, 31.58693218231201], "Test Time": [15.835362434387207, 15.774352073669434, 15.087318420410156, 15.307821035385132, 15.037116765975952, 15.136670351028442, 15.431209564208984, 14.828529596328735, 15.18824815750122, 15.29707932472229, 15.350661516189575]}