{"Epoch": [0, 1000, 2000, 3000, 4000], "Test Loss": [1.8936783075332642, 0.4358772039413452, 0.3665751516819, 0.33147913217544556, 0.29706379771232605], "Test Log Likelihood": [-1.1091630458831787, -0.20394933223724365, -0.16829900443553925, -0.13763605058193207, -0.1237415298819542], "Epistemic": [1.4624114036560059, 0.14642465114593506, 0.13335208594799042, 0.12300107628107071, 0.11889313161373138], "Aleatoric": [1.2348394393920898, 0.18243345618247986, 0.16974936425685883, 0.15930205583572388, 0.15519924461841583], "MSE": [0.05670221385732293, 0.0025076329775620253, 0.0022003778722137213, 0.002149258740246296, 0.0018320288097020238], "R\u00b2": [-0.03722936689853668, 0.9541289431452751, 0.9597494006156921, 0.9606845378875732, 0.9664874801635742], "RMSE": [0.23812226477265358, 0.050076270963996646, 0.0469081848859787, 0.04636009782552719, 0.0428022055439651], "MAE": [0.2145276843458414, 0.033204851351678374, 0.027591926977038383, 0.026277843862771988, 0.02319623878225684], "RMAE": [0.4631713306605816, 0.18222198328375816, 0.166108176112175, 0.16210442781448364, 0.15230311484634876], "Train Time": [0, 508.8649618625641, 505.1175606250763, 501.44688057899475, 500.6026735305786], "Test Time": [498.29804396629333, 492.5909276008606, 493.4009175300598, 485.9084038734436, 487.05041313171387]}