{"Epoch": [0, 2000, 4000, 6000, 8000, 10000, 12000, 14000, 16000, 18000, 20000], "Test Loss": [8605400.0, 3409.117431640625, 28601.083984375, 45814.83203125, 1848.775146484375, 108.09658813476562, 400.8902893066406, 13714.748046875, 1473.593017578125, 4114.65087890625, 25315.11328125], "Test Log Likelihood": [-23.33724021911621, -7.155482292175293, -7.246325969696045, -7.305386066436768, -7.149673938751221, -7.143229961395264, -7.144286155700684, -7.193323135375977, -7.1482720375061035, -7.158102035522461, -7.234798431396484], "Epistemic": [179.5349578857422, 209715265536.0, 209715265536.0, 209715265536.0, 209715265536.0, 209715265536.0, 209715265536.0, 209715265536.0, 209715265536.0, 209715265536.0, 209715265536.0], "Aleatoric": [6.7724480628967285, 209719.6875, 209719.6875, 209719.6875, 209719.6875, 209719.6875, 209719.6875, 209719.6875, 209719.6875, 209719.6875, 209719.6875], "Train Time": [0, 29.98805809020996, 29.156793355941772, 28.40929865837097, 28.04226779937744, 28.211122274398804, 28.17555284500122, 28.053774118423462, 27.67932653427124, 28.193210124969482, 28.072756052017212], "Test Time": [13.768659353256226, 12.470004320144653, 12.306373834609985, 12.234090566635132, 12.194492101669312, 11.818719863891602, 12.11866307258606, 11.984175443649292, 11.957358121871948, 11.947827816009521, 11.827126741409302]}