{"Epoch": [0, 2000, 4000], "Test Loss": [0.3308989703655243, 0.020862730219960213, 0.022496560588479042], "Test Log Likelihood": [-1.2682048082351685, -0.3257056772708893, -0.2642531394958496], "Epistemic": [1.4570552110671997, 0.18208546936511993, 0.15074469149112701], "Aleatoric": [1.3252986669540405, 0.21316710114479065, 0.18399296700954437], "Train Time": [0, 782.5912382602692, 821.2754890918732], "Test Time": [570.5397412776947, 600.0335853099823, 561.4824321269989]}