{"Epoch": [0, 1000], "Test Loss": [0.06869019567966461, 0.06869020313024521], "Test Log Likelihood": [-1.0085490942001343, -1.0085490942001343], "Epistemic": [0.9737672209739685, 0.9737672805786133], "Aleatoric": [0.973831295967102, 0.9738309383392334], "EMSE": [2.0163057017326356, 2.01630543589592], "R\u00b2": [-0.2565124092102051, -0.25651267313957216], "CV_Std_Fold_Loss": [0.04318009950431745, 0.043180116721943405], "Train Time": [0, 493.6702845096588], "Test Time": [492.2829804420471, 479.10443210601807]}