{"Epoch": [0, 1000, 2000, 3000, 4000, 5000], "Test Loss": [0.23023822903633118, 0.004492174368351698, 0.0034923518542200327, 0.0037748818285763264, 0.0038785787764936686, 0.003344607073813677], "Test Log Likelihood": [-1.1122848987579346, -0.19370554387569427, -0.17378376424312592, -0.1541990041732788, -0.13746608793735504, -0.12169808149337769], "Epistemic": [1.0489288568496704, 0.14088405668735504, 0.13341554999351501, 0.12624362111091614, 0.12123148888349533, 0.11626484245061874], "Aleatoric": [0.9523133635520935, 0.17637713253498077, 0.1698349267244339, 0.16276559233665466, 0.15695345401763916, 0.15315090119838715], "Train Time": [0, 537.4032068252563, 531.939297914505, 528.5401420593262, 523.598712682724, 524.9667077064514], "Test Time": [518.7239487171173, 516.8301458358765, 517.056617975235, 511.51780462265015, 511.10919761657715, 509.20889830589294]}