{"Epoch": [0, 2000, 4000, 6000], "Test Loss": [0.46149516105651855, 0.009565986692905426, 0.008607964031398296, 0.008375117555260658], "Test Log Likelihood": [-1.261381983757019, -0.8715387582778931, -0.8283143639564514, -0.7855949401855469], "Epistemic": [1.0564987659454346, 0.9960858821868896, 0.8910378217697144, 0.7746809720993042], "Aleatoric": [1.1071584224700928, 0.8319368958473206, 0.7512638568878174, 0.6744329333305359], "Train Time": [0, 643.8872039318085, 645.9281489849091, 638.5810310840607], "Test Time": [604.1937627792358, 612.2949116230011, 608.8560976982117, 604.1550061702728]}