{"Epoch": [0, 2000], "Test Loss": [0.2439650446176529, 0.003575808834284544], "Test Log Likelihood": [-1.2126086950302124, -0.24402616918087006], "Epistemic": [1.3650356531143188, 0.16225013136863708], "Aleatoric": [1.2723925113677979, 0.1963500678539276], "Train Time": [0, 783.8495371341705], "Test Time": [757.8611719608307, 753.9095396995544]}