{"Epoch": [0, 2000, 4000, 6000], "Test Loss": [0.2581564486026764, 0.008486168459057808, 0.01276358962059021, 0.007975420914590359], "Test Log Likelihood": [-1.178818702697754, -0.29255375266075134, -0.2579902112483978, -0.25165432691574097], "Epistemic": [1.1338317394256592, 0.17935292422771454, 0.15895837545394897, 0.16116829216480255], "Aleatoric": [1.1058844327926636, 0.21260280907154083, 0.1929975301027298, 0.1953243613243103], "Train Time": [0, 746.9749834537506, 748.2631237506866, 752.9364511966705], "Test Time": [716.6835398674011, 718.3495035171509, 721.7346389293671, 721.1367862224579]}