{"Epoch": [0, 2000, 4000], "Test Loss": [0.34642294049263, 0.008994806557893753, 0.009345044381916523], "Test Log Likelihood": [-1.159632921218872, -0.8930681347846985, -0.8366590142250061], "Epistemic": [0.9175693988800049, 1.0350871086120605, 0.8743076920509338], "Aleatoric": [0.8852479457855225, 0.8523407578468323, 0.7422346472740173], "Train Time": [0, 731.6124694347382, 739.3155102729797], "Test Time": [698.9192862510681, 672.946521282196, 706.5993664264679]}