{"Epoch": [0, 2000, 4000], "Test Loss": [0.1045394316315651, 0.019247671589255333, 0.022332586348056793], "Test Log Likelihood": [-1.1326662302017212, -0.3062644600868225, -0.29172757267951965], "Epistemic": [1.3548524379730225, 0.1736752688884735, 0.1628137230873108], "Aleatoric": [1.1696498394012451, 0.20677275955677032, 0.1960069090127945], "Train Time": [0, 769.2529401779175, 771.6143054962158], "Test Time": [552.5972878932953, 552.7634193897247, 547.8351917266846]}