{"Epoch": [0, 1000, 2000, 3000, 4000], "Test Loss": [1.9014149904251099, 0.4905357360839844, 0.42163124680519104, 0.3722400367259979, 0.3408840596675873], "Test Log Likelihood": [-0.9875397682189941, -0.22777310013771057, -0.16965143382549286, -0.15362127125263214, -0.14568229019641876], "Epistemic": [0.9995054006576538, 0.1552712470293045, 0.13389632105827332, 0.12793003022670746, 0.12506866455078125], "Aleatoric": [0.8548709154129028, 0.19096337258815765, 0.16953568160533905, 0.16366831958293915, 0.16192056238651276], "MSE": [0.06160748688131571, 0.0028670825373847035, 0.002522914935136214, 0.0021732694974634795, 0.0019655225332826376], "R\u00b2": [-0.12695943129062653, 0.9475536847114563, 0.9538493916988373, 0.9602453172802925, 0.964045524597168], "RMSE": [0.24820845927298069, 0.053545118492096665, 0.05022862774133682, 0.04661833751201629, 0.04433421418070793], "MAE": [0.227167107000947, 0.03840740146487951, 0.03498842380195856, 0.029977620791643858, 0.02671613171696663], "RMAE": [0.4766204456984997, 0.19597801278531551, 0.18705193185806274, 0.17314046473801137, 0.1634507030248642], "Train Time": [0, 493.60077595710754, 492.26833057403564, 487.235228061676, 483.35546875], "Test Time": [494.5933413505554, 483.71568179130554, 483.92293882369995, 474.19475197792053, 479.9725193977356]}