{"Epoch": [0], "Test Loss": [244263094845440.0], "Test Log Likelihood": [-1.2213243091091456e+16], "Epistemic": [0.0], "Aleatoric": [0.1000015065073967], "Train Time": [0], "Test Time": [336.461138010025]}