{"Epoch": [0, 2000, 4000], "Test Loss": [0.26133599877357483, 0.006399377249181271, 0.0033868406899273396], "Test Log Likelihood": [-1.161401391029358, -0.2927205562591553, -0.23166052997112274], "Epistemic": [1.043336272239685, 0.18156570196151733, 0.15559719502925873], "Aleatoric": [1.1662620306015015, 0.21577799320220947, 0.19168919324874878], "Train Time": [0, 773.0730085372925, 777.760745048523], "Test Time": [742.0864872932434, 741.8608083724976, 740.6148879528046]}