{"Epoch": [0, 2000, 4000, 6000, 8000, 10000, 12000, 14000, 16000, 18000, 20000], "Test Loss": [0.26228463649749756, 0.040286097675561905, 0.021771518513560295, 0.02170642465353012, 0.02097748965024948, 0.018975254148244858, 0.01754423975944519, 0.016674498096108437, 0.016932561993598938, 0.015342063270509243, 0.01582818105816841], "Test Log Likelihood": [-1.2172950506210327, 0.17879162728786469, 0.5141392350196838, 0.5418803691864014, 0.5645979046821594, 0.5889490246772766, 0.6402460336685181, 0.6780635714530945, 0.6945294737815857, 0.7343719601631165, 0.7463418841362], "Epistemic": [1.7139629125595093, 0.016348520293831825, 0.0072893197648227215, 0.006649983115494251, 0.007369200699031353, 0.007927353493869305, 0.0065593235194683075, 0.006275567226111889, 0.006122834514826536, 0.007123351097106934, 0.006114910822361708], "Aleatoric": [1.2959495782852173, 0.031066739931702614, 0.016886359080672264, 0.015742752701044083, 0.016764560714364052, 0.016472771763801575, 0.01545258704572916, 0.01488505769520998, 0.01410206314176321, 0.014211304485797882, 0.01414174772799015], "Train Time": [0, 31.09061098098755, 29.424214601516724, 30.15738034248352, 29.75270128250122, 29.992663621902466, 30.14545750617981, 30.101160526275635, 29.64919877052307, 29.371119737625122, 29.897432565689087], "Test Time": [14.72838044166565, 15.097376823425293, 14.497895240783691, 14.643748998641968, 15.077991724014282, 14.778009176254272, 14.482351541519165, 15.130823373794556, 15.282234907150269, 14.56445860862732, 14.49271845817566]}