{"Epoch": [0, 9, 20, 40, 60, 80, 100, 120, 140, 160, 180, 200], "Test Loss": [278741414576128.0, 2508533268480.0, 1401872973824.0, 4218180352.0, 74540818432.0, 815780672.0, 5991235.5, 390218.625, 74906520.0, 2691827.5, 1147357.375, 84645720.0], "Test Log Likelihood": [-1.3937070091272192e+16, -125426659753984.0, -70093627195392.0, -210909052928.0, -3727040446464.0, -40789028864.0, -299561728.0, -19510932.0, -3745325824.0, -134591344.0, -57367860.0, -4232285952.0], "Epistemic": [0.0, 0.0, 0.0, 0.0, 0.0, 0.0, 0.0, 0.0, 0.0, 0.0, 0.0, 0.0], "Aleatoric": [0.10000001639127731, 0.10000001639127731, 0.10000001639127731, 0.10000001639127731, 0.10000001639127731, 0.10000001639127731, 0.10000001639127731, 0.10000001639127731, 0.10000001639127731, 0.10000001639127731, 0.10000001639127731, 0.10000001639127731], "Train Time": [0, 1.5916821956634521, 1.8022348880767822, 3.397609233856201, 3.2741432189941406, 3.8705434799194336, 3.2769925594329834, 4.3848044872283936, 3.3021202087402344, 3.325546979904175, 3.3775830268859863, 3.3372199535369873], "Test Time": [3.4897267818450928, 3.9529471397399902, 3.0891175270080566, 4.0988993644714355, 3.133580207824707, 3.6256613731384277, 3.134019613265991, 3.142153739929199, 4.040972471237183, 3.1511056423187256, 3.9835665225982666, 3.124067783355713]}