{"Epoch": [0, 1000, 2000, 3000, 4000], "Test Loss": [2.0281224250793457, 0.964351236820221, 0.9168159365653992, 0.8893381953239441, 0.8762640357017517], "Test Log Likelihood": [-1.155073881149292, -0.797971785068512, -0.7701610326766968, -0.7638895511627197, -0.7648922801017761], "Epistemic": [1.5677951574325562, 0.7550930976867676, 0.6999735236167908, 0.6912214159965515, 0.6919001936912537], "Aleatoric": [1.386949896812439, 0.6694300770759583, 0.6228517293930054, 0.6086066961288452, 0.6095821857452393], "MSE": [0.07014641153812408, 0.002752059855032712, 0.0021270829015411436, 0.0018072397683281452, 0.0015615348238497972], "R\u00b2": [-0.19913651609420777, 0.9529541801214219, 0.9636380149722099, 0.9691056588888168, 0.9733059406280518], "RMSE": [0.26485164311528203, 0.052460078097879885, 0.04612030892074108, 0.04251164270192385, 0.03951625898480415], "MAE": [0.24329290680587293, 0.03762169056758285, 0.032520125675946476, 0.027701190389692782, 0.024603964760899544], "RMAE": [0.49324729093909264, 0.19396311432123184, 0.18033337284624576, 0.16643674512207507, 0.156856507062912], "Train Time": [0, 530.8415668010712, 514.8462722301483, 511.9777235984802, 510.4158034324646], "Test Time": [526.6914026737213, 507.55905628204346, 511.74710488319397, 500.35226368904114, 497.3932726383209]}