{"Epoch": [0, 1000, 2000, 3000, 4000, 5000], "Test Loss": [0.2862154245376587, 0.005805572494864464, 0.005420483183115721, 0.004504471551626921, 0.0036506697069853544, 0.003278495278209448], "Test Log Likelihood": [-1.1862465143203735, -0.2546690106391907, -0.1844998002052307, -0.15694570541381836, -0.12473639100790024, -0.12227018922567368], "Epistemic": [1.1511545181274414, 0.16284742951393127, 0.13560053706169128, 0.127838596701622, 0.11730857938528061, 0.11689047515392303], "Aleatoric": [1.2683848142623901, 0.19979077577590942, 0.17206431925296783, 0.16311794519424438, 0.15359589457511902, 0.15345725417137146], "Train Time": [0, 485.8730049133301, 485.76037526130676, 481.1599974632263, 481.3668830394745, 480.8147051334381], "Test Time": [474.1925780773163, 469.9813952445984, 472.1479995250702, 467.1077880859375, 467.23044633865356, 466.37486362457275]}