{"Epoch": [0, 1000, 2000, 3000, 4000], "Test Loss": [0.10871896892786026, 0.004786435514688492, 0.00380876031704247, 0.0036294397432357073, 0.0035259893629699945], "Test Log Likelihood": [-1.0844870805740356, -0.2471577525138855, -0.18235953152179718, -0.14639757573604584, -0.13517725467681885], "Epistemic": [1.21382474899292, 0.1613781899213791, 0.1359095573425293, 0.12416248768568039, 0.12084759771823883], "Aleatoric": [1.0066574811935425, 0.19822365045547485, 0.172774076461792, 0.16020238399505615, 0.15715612471103668], "EMSE": [2.329199819326401, 0.36438844779133794, 0.3124923874437809, 0.2879964867532253, 0.2815283536911011], "R\u00b2": [-0.9887476190328598, 0.9124437965154648, 0.9303279879689217, 0.9336077898144722, 0.9354998469352722], "Train Time": [0, 543.1512749195099, 544.7285940647125, 544.4268083572388, 501.46987652778625], "Test Time": [535.0910472869873, 525.9671680927277, 524.4251809120178, 510.1875624656677, 519.0666072368622]}